,time_s,speed_mph,speed_mph_capped
0,0,0.0,0.0
1,1,0.0,0.0
2,2,0.0,0.0
3,3,0.0,0.0
4,4,0.0,0.0
5,5,0.0,0.0
6,6,0.0,0.0
7,7,0.0,0.0
8,8,0.0,0.0
9,9,0.0,0.0
10,10,0.0,0.0
11,11,0.0,0.0
12,12,0.0,0.0
13,13,0.0,0.0
14,14,0.0,0.0
15,15,0.0,0.0
16,16,0.0,0.0
17,17,0.0,0.0
18,18,0.0,0.0
19,19,0.0,0.0
20,20,0.0,0.0
21,21,3.0,3.0
22,22,5.9,5.9
23,23,8.6,8.6
24,24,11.5,11.5
25,25,14.3,14.3
26,26,16.9,16.9
27,27,17.3,17.3
28,28,18.1,18.1
29,29,20.7,20.7
30,30,21.7,21.7
31,31,22.4,22.4
32,32,22.5,22.5
33,33,22.1,22.1
34,34,21.5,21.5
35,35,20.9,20.9
36,36,20.4,20.4
37,37,19.8,19.8
38,38,17.0,17.0
39,39,14.9,14.9
40,40,14.9,14.9
41,41,15.2,15.2
42,42,15.5,15.5
43,43,16.0,16.0
44,44,17.1,17.1
45,45,19.1,19.1
46,46,21.1,21.1
47,47,22.7,22.7
48,48,22.9,22.9
49,49,22.7,22.7
50,50,22.6,22.6
51,51,21.3,21.3
52,52,19.0,19.0
53,53,17.1,17.1
54,54,15.8,15.8
55,55,15.8,15.8
56,56,17.7,17.7
57,57,19.8,19.8
58,58,21.6,21.6
59,59,23.2,23.2
60,60,24.2,24.2
61,61,24.6,24.6
62,62,24.9,24.9
63,63,25.0,25.0
64,64,24.6,24.6
65,65,24.5,24.5
66,66,24.7,24.7
67,67,24.8,24.8
68,68,24.7,24.7
69,69,24.6,24.6
70,70,24.6,24.6
71,71,25.1,25.0
72,72,25.6,25.0
73,73,25.7,25.0
74,74,25.4,25.0
75,75,24.9,24.9
76,76,25.0,25.0
77,77,25.4,25.0
78,78,26.0,25.0
79,79,26.0,25.0
80,80,25.7,25.0
81,81,26.1,25.0
82,82,26.7,25.0
83,83,27.5,25.0
84,84,28.6,25.0
85,85,29.3,25.0
86,86,29.8,25.0
87,87,30.1,25.0
88,88,30.4,25.0
89,89,30.7,25.0
90,90,30.7,25.0
91,91,30.5,25.0
92,92,30.4,25.0
93,93,30.3,25.0
94,94,30.4,25.0
95,95,30.8,25.0
96,96,30.4,25.0
97,97,29.9,25.0
98,98,29.5,25.0
99,99,29.8,25.0
100,100,30.3,25.0
101,101,30.7,25.0
102,102,30.9,25.0
103,103,31.0,25.0
104,104,30.9,25.0
105,105,30.4,25.0
106,106,29.8,25.0
107,107,29.9,25.0
108,108,30.2,25.0
109,109,30.7,25.0
110,110,31.2,25.0
111,111,31.8,25.0
112,112,32.2,25.0
113,113,32.4,25.0
114,114,32.2,25.0
115,115,31.7,25.0
116,116,28.6,25.0
117,117,25.3,25.0
118,118,22.0,22.0
119,119,18.7,18.7
120,120,15.4,15.4
121,121,12.1,12.1
122,122,8.8,8.8
123,123,5.5,5.5
124,124,2.2,2.2
125,125,0.0,0.0
126,126,0.0,0.0
127,127,0.0,0.0
128,128,0.0,0.0
129,129,0.0,0.0
130,130,0.0,0.0
131,131,0.0,0.0
132,132,0.0,0.0
133,133,0.0,0.0
134,134,0.0,0.0
135,135,0.0,0.0
136,136,0.0,0.0
137,137,0.0,0.0
138,138,0.0,0.0
139,139,0.0,0.0
140,140,0.0,0.0
141,141,0.0,0.0
142,142,0.0,0.0
143,143,0.0,0.0
144,144,0.0,0.0
145,145,0.0,0.0
146,146,0.0,0.0
147,147,0.0,0.0
148,148,0.0,0.0
149,149,0.0,0.0
150,150,0.0,0.0
151,151,0.0,0.0
152,152,0.0,0.0
153,153,0.0,0.0
154,154,0.0,0.0
155,155,0.0,0.0
156,156,0.0,0.0
157,157,0.0,0.0
158,158,0.0,0.0
159,159,0.0,0.0
160,160,0.0,0.0
161,161,0.0,0.0
162,162,0.0,0.0
163,163,0.0,0.0
164,164,3.3,3.3
165,165,6.6,6.6
166,166,9.9,9.9
167,167,13.2,13.2
168,168,16.5,16.5
169,169,19.8,19.8
170,170,22.2,22.2
171,171,24.3,24.3
172,172,25.8,25.0
173,173,26.4,25.0
174,174,25.7,25.0
175,175,25.1,25.0
176,176,24.7,24.7
177,177,25.0,25.0
178,178,25.2,25.0
179,179,25.4,25.0
180,180,25.8,25.0
181,181,27.2,25.0
182,182,26.5,25.0
183,183,24.0,24.0
184,184,22.7,22.7
185,185,19.4,19.4
186,186,17.7,17.7
187,187,17.2,17.2
188,188,18.1,18.1
189,189,18.6,18.6
190,190,20.0,20.0
191,191,22.2,22.2
192,192,24.5,24.5
193,193,27.3,25.0
194,194,30.5,25.0
195,195,33.5,25.0
196,196,36.2,25.0
197,197,37.3,25.0
198,198,39.3,25.0
199,199,40.5,25.0
200,200,42.1,25.0
201,201,43.5,25.0
202,202,45.1,25.0
203,203,46.0,25.0
204,204,46.8,25.0
205,205,47.5,25.0
206,206,47.5,25.0
207,207,47.3,25.0
208,208,47.2,25.0
209,209,47.0,25.0
210,210,47.0,25.0
211,211,47.0,25.0
212,212,47.0,25.0
213,213,47.0,25.0
214,214,47.2,25.0
215,215,47.4,25.0
216,216,47.9,25.0
217,217,48.5,25.0
218,218,49.1,25.0
219,219,49.5,25.0
220,220,50.0,25.0
221,221,50.6,25.0
222,222,51.0,25.0
223,223,51.5,25.0
224,224,52.2,25.0
225,225,53.2,25.0
226,226,54.1,25.0
227,227,54.6,25.0
228,228,54.9,25.0
229,229,55.0,25.0
230,230,54.9,25.0
231,231,54.6,25.0
232,232,54.6,25.0
233,233,54.8,25.0
234,234,55.1,25.0
235,235,55.5,25.0
236,236,55.7,25.0
237,237,56.1,25.0
238,238,56.3,25.0
239,239,56.6,25.0
240,240,56.7,25.0
241,241,56.7,25.0
242,242,56.5,25.0
243,243,56.5,25.0
244,244,56.5,25.0
245,245,56.5,25.0
246,246,56.5,25.0
247,247,56.5,25.0
248,248,56.4,25.0
249,249,56.1,25.0
250,250,55.8,25.0
251,251,55.1,25.0
252,252,54.6,25.0
253,253,54.2,25.0
254,254,54.0,25.0
255,255,53.7,25.0
256,256,53.6,25.0
257,257,53.9,25.0
258,258,54.0,25.0
259,259,54.1,25.0
260,260,54.1,25.0
261,261,53.8,25.0
262,262,53.4,25.0
263,263,53.0,25.0
264,264,52.6,25.0
265,265,52.1,25.0
266,266,52.4,25.0
267,267,52.0,25.0
268,268,51.9,25.0
269,269,51.7,25.0
270,270,51.5,25.0
271,271,51.6,25.0
272,272,51.8,25.0
273,273,52.1,25.0
274,274,52.5,25.0
275,275,53.0,25.0
276,276,53.5,25.0
277,277,54.0,25.0
278,278,54.9,25.0
279,279,55.4,25.0
280,280,55.6,25.0
281,281,56.0,25.0
282,282,56.0,25.0
283,283,55.8,25.0
284,284,55.2,25.0
285,285,54.5,25.0
286,286,53.6,25.0
287,287,52.5,25.0
288,288,51.5,25.0
289,289,51.5,25.0
290,290,51.5,25.0
291,291,51.1,25.0
292,292,50.1,25.0
293,293,50.0,25.0
294,294,50.1,25.0
295,295,50.0,25.0
296,296,49.6,25.0
297,297,49.5,25.0
298,298,49.5,25.0
299,299,49.5,25.0
300,300,49.1,25.0
301,301,48.6,25.0
302,302,48.1,25.0
303,303,47.2,25.0
304,304,46.1,25.0
305,305,45.0,25.0
306,306,43.8,25.0
307,307,42.6,25.0
308,308,41.5,25.0
309,309,40.3,25.0
310,310,38.5,25.0
311,311,37.0,25.0
312,312,35.2,25.0
313,313,33.8,25.0
314,314,32.5,25.0
315,315,31.5,25.0
316,316,30.6,25.0
317,317,30.5,25.0
318,318,30.0,25.0
319,319,29.0,25.0
320,320,27.5,25.0
321,321,24.8,24.8
322,322,21.5,21.5
323,323,20.1,20.1
324,324,19.1,19.1
325,325,18.5,18.5
326,326,17.0,17.0
327,327,15.5,15.5
328,328,12.5,12.5
329,329,10.8,10.8
330,330,8.0,8.0
331,331,4.7,4.7
332,332,1.4,1.4
333,333,0.0,0.0
334,334,0.0,0.0
335,335,0.0,0.0
336,336,0.0,0.0
337,337,0.0,0.0
338,338,0.0,0.0
339,339,0.0,0.0
340,340,0.0,0.0
341,341,0.0,0.0
342,342,0.0,0.0
343,343,0.0,0.0
344,344,0.0,0.0
345,345,0.0,0.0
346,346,0.0,0.0
347,347,1.0,1.0
348,348,4.3,4.3
349,349,7.6,7.6
350,350,10.9,10.9
351,351,14.2,14.2
352,352,17.3,17.3
353,353,20.0,20.0
354,354,22.5,22.5
355,355,23.7,23.7
356,356,25.2,25.0
357,357,26.6,25.0
358,358,28.1,25.0
359,359,30.0,25.0
360,360,30.8,25.0
361,361,31.6,25.0
362,362,32.1,25.0
363,363,32.8,25.0
364,364,33.6,25.0
365,365,34.5,25.0
366,366,34.6,25.0
367,367,34.9,25.0
368,368,34.8,25.0
369,369,34.5,25.0
370,370,34.7,25.0
371,371,35.5,25.0
372,372,36.0,25.0
373,373,36.0,25.0
374,374,36.0,25.0
375,375,36.0,25.0
376,376,36.0,25.0
377,377,36.0,25.0
378,378,36.1,25.0
379,379,36.4,25.0
380,380,36.5,25.0
381,381,36.4,25.0
382,382,36.0,25.0
383,383,35.1,25.0
384,384,34.1,25.0
385,385,33.5,25.0
386,386,31.4,25.0
387,387,29.0,25.0
388,388,25.7,25.0
389,389,23.0,23.0
390,390,20.3,20.3
391,391,17.5,17.5
392,392,14.5,14.5
393,393,12.0,12.0
394,394,8.7,8.7
395,395,5.4,5.4
396,396,2.1,2.1
397,397,0.0,0.0
398,398,0.0,0.0
399,399,0.0,0.0
400,400,0.0,0.0
401,401,0.0,0.0
402,402,0.0,0.0
403,403,2.6,2.6
404,404,5.9,5.9
405,405,9.2,9.2
406,406,12.5,12.5
407,407,15.8,15.8
408,408,19.1,19.1
409,409,22.4,22.4
410,410,25.0,25.0
411,411,25.6,25.0
412,412,27.5,25.0
413,413,29.0,25.0
414,414,30.0,25.0
415,415,30.1,25.0
416,416,30.0,25.0
417,417,29.7,25.0
418,418,29.3,25.0
419,419,28.8,25.0
420,420,28.0,25.0
421,421,25.0,25.0
422,422,21.7,21.7
423,423,18.4,18.4
424,424,15.1,15.1
425,425,11.8,11.8
426,426,8.5,8.5
427,427,5.2,5.2
428,428,1.9,1.9
429,429,0.0,0.0
430,430,0.0,0.0
431,431,0.0,0.0
432,432,0.0,0.0
433,433,0.0,0.0
434,434,0.0,0.0
435,435,0.0,0.0
436,436,0.0,0.0
437,437,0.0,0.0
438,438,0.0,0.0
439,439,0.0,0.0
440,440,0.0,0.0
441,441,0.0,0.0
442,442,0.0,0.0
443,443,0.0,0.0
444,444,0.0,0.0
445,445,0.0,0.0
446,446,0.0,0.0
447,447,0.0,0.0
448,448,3.3,3.3
449,449,6.6,6.6
450,450,9.9,9.9
451,451,13.2,13.2
452,452,16.5,16.5
453,453,19.8,19.8
454,454,23.1,23.1
455,455,26.4,25.0
456,456,27.8,25.0
457,457,29.1,25.0
458,458,31.5,25.0
459,459,33.0,25.0
460,460,33.6,25.0
461,461,34.8,25.0
462,462,35.1,25.0
463,463,35.6,25.0
464,464,36.1,25.0
465,465,36.0,25.0
466,466,36.1,25.0
467,467,36.2,25.0
468,468,36.0,25.0
469,469,35.7,25.0
470,470,36.0,25.0
471,471,36.0,25.0
472,472,35.6,25.0
473,473,35.5,25.0
474,474,35.4,25.0
475,475,35.2,25.0
476,476,35.2,25.0
477,477,35.2,25.0
478,478,35.2,25.0
479,479,35.2,25.0
480,480,35.2,25.0
481,481,35.0,25.0
482,482,35.1,25.0
483,483,35.2,25.0
484,484,35.5,25.0
485,485,35.2,25.0
486,486,35.0,25.0
487,487,35.0,25.0
488,488,35.0,25.0
489,489,34.8,25.0
490,490,34.6,25.0
491,491,34.5,25.0
492,492,33.5,25.0
493,493,32.0,25.0
494,494,30.1,25.0
495,495,28.0,25.0
496,496,25.5,25.0
497,497,22.5,22.5
498,498,19.8,19.8
499,499,16.5,16.5
500,500,13.2,13.2
501,501,10.3,10.3
502,502,7.2,7.2
503,503,4.0,4.0
504,504,1.0,1.0
505,505,0.0,0.0
506,506,0.0,0.0
507,507,0.0,0.0
508,508,0.0,0.0
509,509,0.0,0.0
510,510,0.0,0.0
511,511,1.2,1.2
512,512,3.5,3.5
513,513,5.5,5.5
514,514,6.5,6.5
515,515,8.5,8.5
516,516,9.6,9.6
517,517,10.5,10.5
518,518,11.9,11.9
519,519,14.0,14.0
520,520,16.0,16.0
521,521,17.7,17.7
522,522,19.0,19.0
523,523,20.1,20.1
524,524,21.0,21.0
525,525,22.0,22.0
526,526,23.0,23.0
527,527,23.8,23.8
528,528,24.5,24.5
529,529,24.9,24.9
530,530,25.0,25.0
531,531,25.0,25.0
532,532,25.0,25.0
533,533,25.0,25.0
534,534,25.0,25.0
535,535,25.0,25.0
536,536,25.6,25.0
537,537,25.8,25.0
538,538,26.0,25.0
539,539,25.6,25.0
540,540,25.2,25.0
541,541,25.0,25.0
542,542,25.0,25.0
543,543,25.0,25.0
544,544,24.4,24.4
545,545,23.1,23.1
546,546,19.8,19.8
547,547,16.5,16.5
548,548,13.2,13.2
549,549,9.9,9.9
550,550,6.6,6.6
551,551,3.3,3.3
552,552,0.0,0.0
553,553,0.0,0.0
554,554,0.0,0.0
555,555,0.0,0.0
556,556,0.0,0.0
557,557,0.0,0.0
558,558,0.0,0.0
559,559,0.0,0.0
560,560,0.0,0.0
561,561,0.0,0.0
562,562,0.0,0.0
563,563,0.0,0.0
564,564,0.0,0.0
565,565,0.0,0.0
566,566,0.0,0.0
567,567,0.0,0.0
568,568,0.0,0.0
569,569,3.3,3.3
570,570,6.6,6.6
571,571,9.9,9.9
572,572,13.0,13.0
573,573,14.6,14.6
574,574,16.0,16.0
575,575,17.0,17.0
576,576,17.0,17.0
577,577,17.0,17.0
578,578,17.5,17.5
579,579,17.7,17.7
580,580,17.7,17.7
581,581,17.5,17.5
582,582,17.0,17.0
583,583,16.9,16.9
584,584,16.6,16.6
585,585,17.0,17.0
586,586,17.1,17.1
587,587,17.0,17.0
588,588,16.6,16.6
589,589,16.5,16.5
590,590,16.5,16.5
591,591,16.6,16.6
592,592,17.0,17.0
593,593,17.6,17.6
594,594,18.5,18.5
595,595,19.2,19.2
596,596,20.2,20.2
597,597,21.0,21.0
598,598,21.1,21.1
599,599,21.2,21.2
600,600,21.6,21.6
601,601,22.0,22.0
602,602,22.4,22.4
603,603,22.5,22.5
604,604,22.5,22.5
605,605,22.5,22.5
606,606,22.7,22.7
607,607,23.7,23.7
608,608,25.1,25.0
609,609,26.0,25.0
610,610,26.5,25.0
611,611,27.0,25.0
612,612,26.1,25.0
613,613,22.8,22.8
614,614,19.5,19.5
615,615,16.2,16.2
616,616,12.9,12.9
617,617,9.6,9.6
618,618,6.3,6.3
619,619,3.0,3.0
620,620,0.0,0.0
621,621,0.0,0.0
622,622,0.0,0.0
623,623,0.0,0.0
624,624,0.0,0.0
625,625,0.0,0.0
626,626,0.0,0.0
627,627,0.0,0.0
628,628,0.0,0.0
629,629,0.0,0.0
630,630,0.0,0.0
631,631,0.0,0.0
632,632,0.0,0.0
633,633,0.0,0.0
634,634,0.0,0.0
635,635,0.0,0.0
636,636,0.0,0.0
637,637,0.0,0.0
638,638,0.0,0.0
639,639,0.0,0.0
640,640,0.0,0.0
641,641,0.0,0.0
642,642,0.0,0.0
643,643,0.0,0.0
644,644,0.0,0.0
645,645,0.0,0.0
646,646,2.0,2.0
647,647,4.5,4.5
648,648,7.8,7.8
649,649,10.2,10.2
650,650,12.5,12.5
651,651,14.0,14.0
652,652,15.3,15.3
653,653,17.5,17.5
654,654,19.6,19.6
655,655,21.0,21.0
656,656,22.2,22.2
657,657,23.3,23.3
658,658,24.5,24.5
659,659,25.3,25.0
660,660,25.6,25.0
661,661,26.0,25.0
662,662,26.1,25.0
663,663,26.2,25.0
664,664,26.2,25.0
665,665,26.4,25.0
666,666,26.5,25.0
667,667,26.5,25.0
668,668,26.0,25.0
669,669,25.5,25.0
670,670,23.6,23.6
671,671,21.4,21.4
672,672,18.5,18.5
673,673,16.4,16.4
674,674,14.5,14.5
675,675,11.6,11.6
676,676,8.7,8.7
677,677,5.8,5.8
678,678,3.5,3.5
679,679,2.0,2.0
680,680,0.0,0.0
681,681,0.0,0.0
682,682,0.0,0.0
683,683,0.0,0.0
684,684,0.0,0.0
685,685,0.0,0.0
686,686,0.0,0.0
687,687,0.0,0.0
688,688,0.0,0.0
689,689,0.0,0.0
690,690,0.0,0.0
691,691,0.0,0.0
692,692,0.0,0.0
693,693,0.0,0.0
694,694,1.4,1.4
695,695,3.3,3.3
696,696,4.4,4.4
697,697,6.5,6.5
698,698,9.2,9.2
699,699,11.3,11.3
700,700,13.5,13.5
701,701,14.6,14.6
702,702,16.4,16.4
703,703,16.7,16.7
704,704,16.5,16.5
705,705,16.5,16.5
706,706,18.2,18.2
707,707,19.2,19.2
708,708,20.1,20.1
709,709,21.5,21.5
710,710,22.5,22.5
711,711,22.5,22.5
712,712,22.1,22.1
713,713,22.7,22.7
714,714,23.3,23.3
715,715,23.5,23.5
716,716,22.5,22.5
717,717,21.6,21.6
718,718,20.5,20.5
719,719,18.0,18.0
720,720,15.0,15.0
721,721,12.0,12.0
722,722,9.0,9.0
723,723,6.2,6.2
724,724,4.5,4.5
725,725,3.0,3.0
726,726,2.1,2.1
727,727,0.5,0.5
728,728,0.5,0.5
729,729,3.2,3.2
730,730,6.5,6.5
731,731,9.6,9.6
732,732,12.5,12.5
733,733,14.0,14.0
734,734,16.0,16.0
735,735,18.0,18.0
736,736,19.6,19.6
737,737,21.5,21.5
738,738,23.1,23.1
739,739,24.5,24.5
740,740,25.5,25.0
741,741,26.5,25.0
742,742,27.1,25.0
743,743,27.6,25.0
744,744,27.9,25.0
745,745,28.3,25.0
746,746,28.6,25.0
747,747,28.6,25.0
748,748,28.3,25.0
749,749,28.2,25.0
750,750,28.0,25.0
751,751,27.5,25.0
752,752,26.8,25.0
753,753,25.5,25.0
754,754,23.5,23.5
755,755,21.5,21.5
756,756,19.0,19.0
757,757,16.5,16.5
758,758,14.9,14.9
759,759,12.5,12.5
760,760,9.4,9.4
761,761,6.2,6.2
762,762,3.0,3.0
763,763,1.5,1.5
764,764,1.5,1.5
765,765,0.5,0.5
766,766,0.0,0.0
767,767,3.0,3.0
768,768,6.3,6.3
769,769,9.6,9.6
770,770,12.9,12.9
771,771,15.8,15.8
772,772,17.5,17.5
773,773,18.4,18.4
774,774,19.5,19.5
775,775,20.7,20.7
776,776,22.0,22.0
777,777,23.2,23.2
778,778,25.0,25.0
779,779,26.5,25.0
780,780,27.5,25.0
781,781,28.0,25.0
782,782,28.3,25.0
783,783,28.9,25.0
784,784,28.9,25.0
785,785,28.9,25.0
786,786,28.8,25.0
787,787,28.5,25.0
788,788,28.3,25.0
789,789,28.3,25.0
790,790,28.3,25.0
791,791,28.2,25.0
792,792,27.6,25.0
793,793,27.5,25.0
794,794,27.5,25.0
795,795,27.5,25.0
796,796,27.5,25.0
797,797,27.5,25.0
798,798,27.5,25.0
799,799,27.6,25.0
800,800,28.0,25.0
801,801,28.5,25.0
802,802,30.0,25.0
803,803,31.0,25.0
804,804,32.0,25.0
805,805,33.0,25.0
806,806,33.0,25.0
807,807,33.6,25.0
808,808,34.0,25.0
809,809,34.3,25.0
810,810,34.2,25.0
811,811,34.0,25.0
812,812,34.0,25.0
813,813,33.9,25.0
814,814,33.6,25.0
815,815,33.1,25.0
816,816,33.0,25.0
817,817,32.5,25.0
818,818,32.0,25.0
819,819,31.9,25.0
820,820,31.6,25.0
821,821,31.5,25.0
822,822,30.6,25.0
823,823,30.0,25.0
824,824,29.9,25.0
825,825,29.9,25.0
826,826,29.9,25.0
827,827,29.9,25.0
828,828,29.6,25.0
829,829,29.5,25.0
830,830,29.5,25.0
831,831,29.3,25.0
832,832,28.9,25.0
833,833,28.2,25.0
834,834,27.7,25.0
835,835,27.0,25.0
836,836,25.5,25.0
837,837,23.7,23.7
838,838,22.0,22.0
839,839,20.5,20.5
840,840,19.2,19.2
841,841,19.2,19.2
842,842,20.1,20.1
843,843,20.9,20.9
844,844,21.4,21.4
845,845,22.0,22.0
846,846,22.6,22.6
847,847,23.2,23.2
848,848,24.0,24.0
849,849,25.0,25.0
850,850,26.0,25.0
851,851,26.6,25.0
852,852,26.6,25.0
853,853,26.8,25.0
854,854,27.0,25.0
855,855,27.2,25.0
856,856,27.8,25.0
857,857,28.1,25.0
858,858,28.8,25.0
859,859,28.9,25.0
860,860,29.0,25.0
861,861,29.1,25.0
862,862,29.0,25.0
863,863,28.1,25.0
864,864,27.5,25.0
865,865,27.0,25.0
866,866,25.8,25.0
867,867,25.0,25.0
868,868,24.5,24.5
869,869,24.8,24.8
870,870,25.1,25.0
871,871,25.5,25.0
872,872,25.7,25.0
873,873,26.2,25.0
874,874,26.9,25.0
875,875,27.5,25.0
876,876,27.8,25.0
877,877,28.4,25.0
878,878,29.0,25.0
879,879,29.2,25.0
880,880,29.1,25.0
881,881,29.0,25.0
882,882,28.9,25.0
883,883,28.5,25.0
884,884,28.1,25.0
885,885,28.0,25.0
886,886,28.0,25.0
887,887,27.6,25.0
888,888,27.2,25.0
889,889,26.6,25.0
890,890,27.0,25.0
891,891,27.5,25.0
892,892,27.8,25.0
893,893,28.0,25.0
894,894,27.8,25.0
895,895,28.0,25.0
896,896,28.0,25.0
897,897,28.0,25.0
898,898,27.7,25.0
899,899,27.4,25.0
900,900,26.9,25.0
901,901,26.6,25.0
902,902,26.5,25.0
903,903,26.5,25.0
904,904,26.5,25.0
905,905,26.3,25.0
906,906,26.2,25.0
907,907,26.2,25.0
908,908,25.9,25.0
909,909,25.6,25.0
910,910,25.6,25.0
911,911,25.9,25.0
912,912,25.8,25.0
913,913,25.5,25.0
914,914,24.6,24.6
915,915,23.5,23.5
916,916,22.2,22.2
917,917,21.6,21.6
918,918,21.6,21.6
919,919,21.7,21.7
920,920,22.6,22.6
921,921,23.4,23.4
922,922,24.0,24.0
923,923,24.2,24.2
924,924,24.4,24.4
925,925,24.9,24.9
926,926,25.1,25.0
927,927,25.2,25.0
928,928,25.3,25.0
929,929,25.5,25.0
930,930,25.2,25.0
931,931,25.0,25.0
932,932,25.0,25.0
933,933,25.0,25.0
934,934,24.7,24.7
935,935,24.5,24.5
936,936,24.3,24.3
937,937,24.3,24.3
938,938,24.5,24.5
939,939,25.0,25.0
940,940,25.0,25.0
941,941,24.6,24.6
942,942,24.6,24.6
943,943,24.1,24.1
944,944,24.5,24.5
945,945,25.1,25.0
946,946,25.6,25.0
947,947,25.1,25.0
948,948,24.0,24.0
949,949,22.0,22.0
950,950,20.1,20.1
951,951,16.9,16.9
952,952,13.6,13.6
953,953,10.3,10.3
954,954,7.0,7.0
955,955,3.7,3.7
956,956,0.4,0.4
957,957,0.0,0.0
958,958,0.0,0.0
959,959,0.0,0.0
960,960,2.0,2.0
961,961,5.3,5.3
962,962,8.6,8.6
963,963,11.9,11.9
964,964,15.2,15.2
965,965,17.5,17.5
966,966,18.6,18.6
967,967,20.0,20.0
968,968,21.1,21.1
969,969,22.0,22.0
970,970,23.0,23.0
971,971,24.5,24.5
972,972,26.3,25.0
973,973,27.5,25.0
974,974,28.1,25.0
975,975,28.4,25.0
976,976,28.5,25.0
977,977,28.5,25.0
978,978,28.5,25.0
979,979,27.7,25.0
980,980,27.5,25.0
981,981,27.2,25.0
982,982,26.8,25.0
983,983,26.5,25.0
984,984,26.0,25.0
985,985,25.7,25.0
986,986,25.2,25.0
987,987,24.0,24.0
988,988,22.0,22.0
989,989,21.5,21.5
990,990,21.5,21.5
991,991,21.8,21.8
992,992,22.5,22.5
993,993,23.0,23.0
994,994,22.8,22.8
995,995,22.8,22.8
996,996,23.0,23.0
997,997,22.7,22.7
998,998,22.7,22.7
999,999,22.7,22.7
1000,1000,23.5,23.5
1001,1001,24.0,24.0
1002,1002,24.6,24.6
1003,1003,24.8,24.8
1004,1004,25.1,25.0
1005,1005,25.5,25.0
1006,1006,25.6,25.0
1007,1007,25.5,25.0
1008,1008,25.0,25.0
1009,1009,24.1,24.1
1010,1010,23.7,23.7
1011,1011,23.2,23.2
1012,1012,22.9,22.9
1013,1013,22.5,22.5
1014,1014,22.0,22.0
1015,1015,21.6,21.6
1016,1016,20.5,20.5
1017,1017,17.5,17.5
1018,1018,14.2,14.2
1019,1019,10.9,10.9
1020,1020,7.6,7.6
1021,1021,4.3,4.3
1022,1022,1.0,1.0
1023,1023,0.0,0.0
1024,1024,0.0,0.0
1025,1025,0.0,0.0
1026,1026,0.0,0.0
1027,1027,0.0,0.0
1028,1028,0.0,0.0
1029,1029,0.0,0.0
1030,1030,0.0,0.0
1031,1031,0.0,0.0
1032,1032,0.0,0.0
1033,1033,0.0,0.0
1034,1034,0.0,0.0
1035,1035,0.0,0.0
1036,1036,0.0,0.0
1037,1037,0.0,0.0
1038,1038,0.0,0.0
1039,1039,0.0,0.0
1040,1040,0.0,0.0
1041,1041,0.0,0.0
1042,1042,0.0,0.0
1043,1043,0.0,0.0
1044,1044,0.0,0.0
1045,1045,0.0,0.0
1046,1046,0.0,0.0
1047,1047,0.0,0.0
1048,1048,0.0,0.0
1049,1049,0.0,0.0
1050,1050,0.0,0.0
1051,1051,0.0,0.0
1052,1052,0.0,0.0
1053,1053,1.2,1.2
1054,1054,4.0,4.0
1055,1055,7.3,7.3
1056,1056,10.6,10.6
1057,1057,13.9,13.9
1058,1058,17.0,17.0
1059,1059,18.5,18.5
1060,1060,20.0,20.0
1061,1061,21.8,21.8
1062,1062,23.0,23.0
1063,1063,24.0,24.0
1064,1064,24.8,24.8
1065,1065,25.6,25.0
1066,1066,26.5,25.0
1067,1067,26.8,25.0
1068,1068,27.4,25.0
1069,1069,27.9,25.0
1070,1070,28.3,25.0
1071,1071,28.0,25.0
1072,1072,27.5,25.0
1073,1073,27.0,25.0
1074,1074,27.0,25.0
1075,1075,26.3,25.0
1076,1076,24.5,24.5
1077,1077,22.5,22.5
1078,1078,21.5,21.5
1079,1079,20.6,20.6
1080,1080,18.0,18.0
1081,1081,15.0,15.0
1082,1082,12.3,12.3
1083,1083,11.1,11.1
1084,1084,10.6,10.6
1085,1085,10.0,10.0
1086,1086,9.5,9.5
1087,1087,9.1,9.1
1088,1088,8.7,8.7
1089,1089,8.6,8.6
1090,1090,8.8,8.8
1091,1091,9.0,9.0
1092,1092,8.7,8.7
1093,1093,8.6,8.6
1094,1094,8.0,8.0
1095,1095,7.0,7.0
1096,1096,5.0,5.0
1097,1097,4.2,4.2
1098,1098,2.6,2.6
1099,1099,1.0,1.0
1100,1100,0.0,0.0
1101,1101,0.1,0.1
1102,1102,0.6,0.6
1103,1103,1.6,1.6
1104,1104,3.6,3.6
1105,1105,6.9,6.9
1106,1106,10.0,10.0
1107,1107,12.8,12.8
1108,1108,14.0,14.0
1109,1109,14.5,14.5
1110,1110,16.0,16.0
1111,1111,18.1,18.1
1112,1112,20.0,20.0
1113,1113,21.0,21.0
1114,1114,21.2,21.2
1115,1115,21.3,21.3
1116,1116,21.4,21.4
1117,1117,21.7,21.7
1118,1118,22.5,22.5
1119,1119,23.0,23.0
1120,1120,23.8,23.8
1121,1121,24.5,24.5
1122,1122,25.0,25.0
1123,1123,24.9,24.9
1124,1124,24.8,24.8
1125,1125,25.0,25.0
1126,1126,25.4,25.0
1127,1127,25.8,25.0
1128,1128,26.0,25.0
1129,1129,26.4,25.0
1130,1130,26.6,25.0
1131,1131,26.9,25.0
1132,1132,27.0,25.0
1133,1133,27.0,25.0
1134,1134,27.0,25.0
1135,1135,26.9,25.0
1136,1136,26.8,25.0
1137,1137,26.8,25.0
1138,1138,26.5,25.0
1139,1139,26.4,25.0
1140,1140,26.0,25.0
1141,1141,25.5,25.0
1142,1142,24.6,24.6
1143,1143,23.5,23.5
1144,1144,21.5,21.5
1145,1145,20.0,20.0
1146,1146,17.5,17.5
1147,1147,16.0,16.0
1148,1148,14.0,14.0
1149,1149,10.7,10.7
1150,1150,7.4,7.4
1151,1151,4.1,4.1
1152,1152,0.8,0.8
1153,1153,0.0,0.0
1154,1154,0.0,0.0
1155,1155,0.0,0.0
1156,1156,0.0,0.0
1157,1157,0.0,0.0
1158,1158,0.0,0.0
1159,1159,0.0,0.0
1160,1160,0.0,0.0
1161,1161,0.0,0.0
1162,1162,0.0,0.0
1163,1163,0.0,0.0
1164,1164,0.0,0.0
1165,1165,0.0,0.0
1166,1166,0.0,0.0
1167,1167,0.0,0.0
1168,1168,0.0,0.0
1169,1169,2.1,2.1
1170,1170,5.4,5.4
1171,1171,8.7,8.7
1172,1172,12.0,12.0
1173,1173,15.3,15.3
1174,1174,18.6,18.6
1175,1175,21.1,21.1
1176,1176,23.0,23.0
1177,1177,23.5,23.5
1178,1178,23.0,23.0
1179,1179,22.5,22.5
1180,1180,20.0,20.0
1181,1181,16.7,16.7
1182,1182,13.4,13.4
1183,1183,10.1,10.1
1184,1184,6.8,6.8
1185,1185,3.5,3.5
1186,1186,0.2,0.2
1187,1187,0.0,0.0
1188,1188,0.0,0.0
1189,1189,0.0,0.0
1190,1190,0.0,0.0
1191,1191,0.0,0.0
1192,1192,0.0,0.0
1193,1193,0.0,0.0
1194,1194,0.0,0.0
1195,1195,0.0,0.0
1196,1196,0.0,0.0
1197,1197,0.2,0.2
1198,1198,1.5,1.5
1199,1199,3.5,3.5
1200,1200,6.5,6.5
1201,1201,9.8,9.8
1202,1202,12.0,12.0
1203,1203,12.9,12.9
1204,1204,13.0,13.0
1205,1205,12.6,12.6
1206,1206,12.8,12.8
1207,1207,13.1,13.1
1208,1208,13.1,13.1
1209,1209,14.0,14.0
1210,1210,15.5,15.5
1211,1211,17.0,17.0
1212,1212,18.6,18.6
1213,1213,19.7,19.7
1214,1214,21.0,21.0
1215,1215,21.5,21.5
1216,1216,21.8,21.8
1217,1217,21.8,21.8
1218,1218,21.5,21.5
1219,1219,21.2,21.2
1220,1220,21.5,21.5
1221,1221,21.8,21.8
1222,1222,22.0,22.0
1223,1223,21.9,21.9
1224,1224,21.7,21.7
1225,1225,21.5,21.5
1226,1226,21.5,21.5
1227,1227,21.4,21.4
1228,1228,20.1,20.1
1229,1229,19.5,19.5
1230,1230,19.2,19.2
1231,1231,19.6,19.6
1232,1232,19.8,19.8
1233,1233,20.0,20.0
1234,1234,19.5,19.5
1235,1235,17.5,17.5
1236,1236,15.5,15.5
1237,1237,13.0,13.0
1238,1238,10.0,10.0
1239,1239,8.0,8.0
1240,1240,6.0,6.0
1241,1241,4.0,4.0
1242,1242,2.5,2.5
1243,1243,0.7,0.7
1244,1244,0.0,0.0
1245,1245,0.0,0.0
1246,1246,0.0,0.0
1247,1247,0.0,0.0
1248,1248,0.0,0.0
1249,1249,0.0,0.0
1250,1250,0.0,0.0
1251,1251,0.0,0.0
1252,1252,1.0,1.0
1253,1253,1.0,1.0
1254,1254,1.0,1.0
1255,1255,1.0,1.0
1256,1256,1.0,1.0
1257,1257,1.6,1.6
1258,1258,3.0,3.0
1259,1259,4.0,4.0
1260,1260,5.0,5.0
1261,1261,6.3,6.3
1262,1262,8.0,8.0
1263,1263,10.0,10.0
1264,1264,10.5,10.5
1265,1265,9.5,9.5
1266,1266,8.5,8.5
1267,1267,7.6,7.6
1268,1268,8.8,8.8
1269,1269,11.0,11.0
1270,1270,14.0,14.0
1271,1271,17.0,17.0
1272,1272,19.5,19.5
1273,1273,21.0,21.0
1274,1274,21.8,21.8
1275,1275,22.2,22.2
1276,1276,23.0,23.0
1277,1277,23.6,23.6
1278,1278,24.1,24.1
1279,1279,24.5,24.5
1280,1280,24.5,24.5
1281,1281,24.0,24.0
1282,1282,23.5,23.5
1283,1283,23.5,23.5
1284,1284,23.5,23.5
1285,1285,23.5,23.5
1286,1286,23.5,23.5
1287,1287,23.5,23.5
1288,1288,24.0,24.0
1289,1289,24.1,24.1
1290,1290,24.5,24.5
1291,1291,24.7,24.7
1292,1292,25.0,25.0
1293,1293,25.4,25.0
1294,1294,25.6,25.0
1295,1295,25.7,25.0
1296,1296,26.0,25.0
1297,1297,26.2,25.0
1298,1298,27.0,25.0
1299,1299,27.8,25.0
1300,1300,28.3,25.0
1301,1301,29.0,25.0
1302,1302,29.1,25.0
1303,1303,29.0,25.0
1304,1304,28.0,25.0
1305,1305,24.7,24.7
1306,1306,21.4,21.4
1307,1307,18.1,18.1
1308,1308,14.8,14.8
1309,1309,11.5,11.5
1310,1310,8.2,8.2
1311,1311,4.9,4.9
1312,1312,1.6,1.6
1313,1313,0.0,0.0
1314,1314,0.0,0.0
1315,1315,0.0,0.0
1316,1316,0.0,0.0
1317,1317,0.0,0.0
1318,1318,0.0,0.0
1319,1319,0.0,0.0
1320,1320,0.0,0.0
1321,1321,0.0,0.0
1322,1322,0.0,0.0
1323,1323,0.0,0.0
1324,1324,0.0,0.0
1325,1325,0.0,0.0
1326,1326,0.0,0.0
1327,1327,0.0,0.0
1328,1328,0.0,0.0
1329,1329,0.0,0.0
1330,1330,0.0,0.0
1331,1331,0.0,0.0
1332,1332,0.0,0.0
1333,1333,0.0,0.0
1334,1334,0.0,0.0
1335,1335,0.0,0.0
1336,1336,0.0,0.0
1337,1337,0.0,0.0
1338,1338,1.5,1.5
1339,1339,4.8,4.8
1340,1340,8.1,8.1
1341,1341,11.4,11.4
1342,1342,13.2,13.2
1343,1343,15.1,15.1
1344,1344,16.8,16.8
1345,1345,18.3,18.3
1346,1346,19.5,19.5
1347,1347,20.3,20.3
1348,1348,21.3,21.3
1349,1349,21.9,21.9
1350,1350,22.1,22.1
1351,1351,22.4,22.4
1352,1352,22.0,22.0
1353,1353,21.6,21.6
1354,1354,21.1,21.1
1355,1355,20.5,20.5
1356,1356,20.0,20.0
1357,1357,19.6,19.6
1358,1358,18.5,18.5
1359,1359,17.5,17.5
1360,1360,16.5,16.5
1361,1361,15.5,15.5
1362,1362,14.0,14.0
1363,1363,11.0,11.0
1364,1364,8.0,8.0
1365,1365,5.2,5.2
1366,1366,2.5,2.5
1367,1367,0.0,0.0
1368,1368,0.0,0.0
1369,1369,0.0,0.0
